Workbook

Sheet area
A1: Time | B1: Scans | C1: Glucose | D1: Acetate | E1: Alanine | F1: AlanineN15 | G1: Butyrate | H1: Ethanol | I1: SUM | J1: Mannitol
A2: 0.65319444 | B2: 2048 | C2: 1567.4285 | I2: =SUM(C2:H2) -> 1567.4285 | J2: 1567.4285
A3: 15.153333 | B3: 2048 | C3: 1553.7114 | I3: =SUM(C3:H3) -> 1553.7114 | J3: 1553.7114
A4: 16.691111 | B4: 1024 | C4: 1568.0252 | I4: =SUM(C4:H4) -> 1568.0252 | J4: 1568.0252
A5: -24.869444 | B5: 2048 | C5: 945.44704 | D5: 17.420086 | E5: 95.57462 | F5: 95.57462 | I5: =SUM(C5:H5) -> 1154.0164 | J5: 945.44704
A6: -4.8755556 | B6: 2048 | C6: 1153.8432 | D6: 21.118276 | E6: 116.24654 | F6: 116.24654 | I6: =SUM(C6:H6) -> 1407.4546 | J6: 1153.8432
A7: -2.3372222 | B7: 2048 | C7: 1092.6336 | D7: 20.736609 | E7: 111.50776 | F7: 111.50776 | I7: =SUM(C7:H7) -> 1336.3858 | J7: 1092.6336
A8: 116.80111 | B8: 1024 | C8: 259.29684 | D8: 21.987467 | E8: 82.391584 | F8: 82.391584 | G8: 20.512721 | H8: 5.6299566 | I8: =SUM(C8:H8) -> 472.21015 | J8: 259.29684
A9: 119.68056 | B9: 4096 | C9: 362.95815 | D9: 33.467132 | E9: 105.26672 | F9: 105.26672 | G9: 39.066104 | H9: 13.951036 | I9: =SUM(C9:H9) -> 659.97585 | J9: 362.95815
A10: 135.58222 | B10: 1024 | C10: 137.45364 | D10: 12.928896 | E10: 49.373111 | F10: 49.373111 | I10: =SUM(C10:H10) -> 249.12876 | J10: 137.45364
A11: 91.837778 | B11: 1024 | C11: 296.63382 | D11: 66.520135 | E11: 223.27037 | F11: 223.27037 | G11: 110.20751 | H11: 48.520175 | I11: =SUM(C11:H11) -> 968.42237 | J11: 296.63382
A12: 93.096111 | B12: 1024 | C12: 177.05148 | D12: 38.738221 | E12: 144.11519 | F12: 144.11519 | G12: 72.648531 | H12: 33.052356 | I12: =SUM(C12:H12) -> 609.72097 | J12: 177.05148
A13: 96.086111 | B13: 4096 | C13: 223.41362 | D13: 49.816585 | E13: 163.72845 | F13: 163.72845 | G13: 87.041946 | H13: 39.768545 | I13: =SUM(C13:H13) -> 727.49761 | J13: 223.41362
A14: 72.487222 | B14: 2048 | C14: 149.97429 | D14: 73.947233 | E14: 221.39221 | F14: 221.39221 | G14: 173.96644 | H14: 76.164602 | I14: =SUM(C14:H14) -> 916.83698 | J14: 149.97429
A15: 89.314167 | B15: 1024 | C15: 120.44214 | D15: 66.463043 | E15: 218.22866 | F15: 218.22866 | G15: 144.20855 | H15: 60.044014 | I15: =SUM(C15:H15) -> 827.61507 | J15: 120.44214
A16: 90.522083 | B16: 1024 | C16: 131.94954 | D16: 66.509867 | E16: 226.845 | F16: 226.845 | G16: 158.68391 | H16: 65.542737 | I16: =SUM(C16:H16) -> 876.37606 | J16: 131.94954
A17: 65.622222 | B17: 4096 | C17: 571.24311 | D17: 55.570534 | E17: 180.03784 | F17: 180.03784 | G17: 290.87197 | H17: 119.19116 | I17: =SUM(C17:H17) -> 1396.9525 | J17: 571.24311
A18: 69.125 | B18: 1024 | C18: 548.70113 | D18: 53.621656 | E18: 167.56175 | F18: 167.56175 | G18: 285.03456 | H18: 115.55673 | I18: =SUM(C18:H18) -> 1338.0376 | J18: 548.70113
A19: 70.490694 | B19: 1024 | C19: 534.19707 | D19: 54.152898 | E19: 159.99768 | F19: 159.99768 | G19: 275.91753 | H19: 113.00706 | I19: =SUM(C19:H19) -> 1297.2699 | J19: 534.19707

Sheet area_percent
A1: Time | B1: Scans | C1: Glucose | D1: Acetate | E1: Alanine | F1: AlanineN15 | G1: Butyrate | H1: Ethanol | I1: SUM | J1: Mannitol
A2: 0.65319444 | B2: 2048 | C2: =area!C2/area!$I2 -> 1 | D2: =area!D2/area!$I2 -> 0 | E2: =area!E2/area!$I2 -> 0 | F2: =area!F2/area!$I2 -> 0 | G2: =area!G2/area!$I2 -> 0 | H2: =area!H2/area!$I2 -> 0 | I2: =area!I2/area!$I2 -> 1 | J2: =area!J2/area!$I$2 -> 1
A3: 15.153333 | B3: 2048 | C3: =area!C3/area!$I3 -> 1 | D3: =area!D3/area!$I3 -> 0 | E3: =area!E3/area!$I3 -> 0 | F3: =area!F3/area!$I3 -> 0 | G3: =area!G3/area!$I3 -> 0 | H3: =area!H3/area!$I3 -> 0 | I3: =area!I3/area!$I3 -> 1 | J3: =area!J3/area!$I$2 -> 0.9912487
A4: 16.691111 | B4: 1024 | C4: =area!C4/area!$I4 -> 1 | D4: =area!D4/area!$I4 -> 0 | E4: =area!E4/area!$I4 -> 0 | F4: =area!F4/area!$I4 -> 0 | G4: =area!G4/area!$I4 -> 0 | H4: =area!H4/area!$I4 -> 0 | I4: =area!I4/area!$I4 -> 1 | J4: =area!J4/area!$I$2 -> 1.0003807
A5: -24.869444 | B5: 2048 | C5: =area!C5/area!$I5 -> 0.81926658 | D5: =area!D5/area!$I5 -> 0.015095181 | E5: =area!E5/area!$I5 -> 0.08281912 | F5: =area!F5/area!$I5 -> 0.08281912 | G5: =area!G5/area!$I5 -> 0 | H5: =area!H5/area!$I5 -> 0 | I5: =area!I5/area!$I5 -> 1 | J5: =area!J5/area!$I$2 -> 0.60318354
A6: -4.8755556 | B6: 2048 | C6: =area!C6/area!$I6 -> 0.8198085 | D6: =area!D6/area!$I6 -> 0.015004588 | E6: =area!E6/area!$I6 -> 0.082593458 | F6: =area!F6/area!$I6 -> 0.082593458 | G6: =area!G6/area!$I6 -> 0 | H6: =area!H6/area!$I6 -> 0 | I6: =area!I6/area!$I6 -> 1 | J6: =area!J6/area!$I$2 -> 0.73613772
A7: -2.3372222 | B7: 2048 | C7: =area!C7/area!$I7 -> 0.81760346 | D7: =area!D7/area!$I7 -> 0.015516933 | E7: =area!E7/area!$I7 -> 0.083439802 | F7: =area!F7/area!$I7 -> 0.083439802 | G7: =area!G7/area!$I7 -> 0 | H7: =area!H7/area!$I7 -> 0 | I7: =area!I7/area!$I7 -> 1 | J7: =area!J7/area!$I$2 -> 0.69708676
A8: 116.80111 | B8: 1024 | C8: =area!C8/area!$I8 -> 0.54911322 | D8: =area!D8/area!$I8 -> 0.046562886 | E8: =area!E8/area!$I8 -> 0.17448076 | F8: =area!F8/area!$I8 -> 0.17448076 | G8: =area!G8/area!$I8 -> 0.043439814 | H8: =area!H8/area!$I8 -> 0.011922566 | I8: =area!I8/area!$I8 -> 1 | J8: =area!J8/area!$I$2 -> 0.16542818
A9: 119.68056 | B9: 4096 | C9: =area!C9/area!$I9 -> 0.54995671 | D9: =area!D9/area!$I9 -> 0.050709631 | E9: =area!E9/area!$I9 -> 0.15950086 | F9: =area!F9/area!$I9 -> 0.15950086 | G9: =area!G9/area!$I9 -> 0.059193232 | H9: =area!H9/area!$I9 -> 0.021138707 | I9: =area!I9/area!$I9 -> 1 | J9: =area!J9/area!$I$2 -> 0.23156282
A10: 135.58222 | B10: 1024 | C10: =area!C10/area!$I10 -> 0.55173735 | D10: =area!D10/area!$I10 -> 0.051896443 | E10: =area!E10/area!$I10 -> 0.19818311 | F10: =area!F10/area!$I10 -> 0.19818311 | G10: =area!G10/area!$I10 -> 0 | H10: =area!H10/area!$I10 -> 0 | I10: =area!I10/area!$I10 -> 1 | J10: =area!J10/area!$I$2 -> 0.087693723
A11: 91.837778 | B11: 1024 | C11: =area!C11/area!$I11 -> 0.30630625 | D11: =area!D11/area!$I11 -> 0.068689176 | E11: =area!E11/area!$I11 -> 0.23055061 | F11: =area!F11/area!$I11 -> 0.23055061 | G11: =area!G11/area!$I11 -> 0.11380108 | H11: =area!H11/area!$I11 -> 0.050102287 | I11: =area!I11/area!$I11 -> 1 | J11: =area!J11/area!$I$2 -> 0.18924871
A12: 93.096111 | B12: 1024 | C12: =area!C12/area!$I12 -> 0.29038115 | D12: =area!D12/area!$I12 -> 0.063534342 | E12: =area!E12/area!$I12 -> 0.23636253 | F12: =area!F12/area!$I12 -> 0.23636253 | G12: =area!G12/area!$I12 -> 0.11915045 | H12: =area!H12/area!$I12 -> 0.054208987 | I12: =area!I12/area!$I12 -> 1 | J12: =area!J12/area!$I$2 -> 0.11295666
A13: 96.086111 | B13: 4096 | C13: =area!C13/area!$I13 -> 0.30709878 | D13: =area!D13/area!$I13 -> 0.068476631 | E13: =area!E13/area!$I13 -> 0.22505703 | F13: =area!F13/area!$I13 -> 0.22505703 | G13: =area!G13/area!$I13 -> 0.11964568 | H13: =area!H13/area!$I13 -> 0.054664846 | I13: =area!I13/area!$I13 -> 1 | J13: =area!J13/area!$I$2 -> 0.14253513
... A19: 70.490694 | B19: 1024 | C19: =area!C19/area!$I19 -> 0.4117856 | D19: =area!D19/area!$I19 -> 0.04174374 | E19: =area!E19/area!$I19 -> 0.12333415 | F19: =area!F19/area!$I19 -> 0.12333415 | G19: =area!G19/area!$I19 -> 0.21269092 | H19: =area!H19/area!$I19 -> 0.08711145 | I19: =area!I19/area!$I19 -> 1 | J19: =area!J19/area!$I$2 -> 0.34081113
